PATIENT,BIRTHDATE,RACE,ETHNICITY,GENDER,DEATH_FN,AGE_FN_YEARS
4288f90b-4774-c329-3176-c1482e824c04,2010-07-13,white,nonhispanic,M,0,2
f03f50be-20b1-3eae-2ed1-bb478bceb320,2002-07-12,white,nonhispanic,M,0,16
11089781-c268-6838-642e-2c2c9edbb694,2011-07-17,white,nonhispanic,F,0,9
d7b9725d-889f-d178-cf41-dbf8b373eda9,2010-10-18,black,nonhispanic,F,0,6
ed2bb6aa-1f3c-b72b-46a6-54f05cac7da7,2008-04-09,asian,nonhispanic,M,0,12
47c2ab95-1569-1afa-4550-ac83d53f0384,2000-03-10,white,nonhispanic,F,0,16
205fa58e-7fd3-9e1f-4ae6-c0673d46a765,1952-06-03,white,nonhispanic,M,0,2
aac521a8-1ab1-43f8-73f9-7c84080e275b,1996-12-21,white,nonhispanic,M,0,21
dd16c8be-ba56-aabc-fbea-5a842a415075,1968-10-28,white,nonhispanic,F,0,4
241a91d0-64e6-bd50-ba12-144a5af0311a,2008-10-18,white,nonhispanic,M,0,4
b7c67b14-bc45-951f-4be5-a7942bfd533a,1994-02-17,asian,nonhispanic,F,0,19
77e53fde-d641-fa26-5792-7a92af4fa260,2018-10-19,white,nonhispanic,M,0,0
5c54305e-e16f-b719-b8d8-91a188e6952a,2009-11-27,white,nonhispanic,M,0,4
160a53cf-63b1-790d-5e95-307e88c1dc9c,1968-11-30,white,nonhispanic,F,1,21
9e2a09cd-95e3-1bef-81eb-82ac2f6da20d,2018-07-09,white,nonhispanic,F,0,2
df8177ed-fd82-5fc0-4db5-476e72df7305,2000-08-14,black,nonhispanic,F,0,16
51cc7eeb-ba67-8423-51e6-b9c1100ca1f8,2003-09-06,white,nonhispanic,M,0,11
b60922aa-a536-e6a8-9e4b-d523d17b6929,1919-11-01,white,nonhispanic,F,1,5
158fffa4-6613-055b-3d43-d88fc9860894,1958-12-05,other,nonhispanic,F,1,2
27925006-9781-ba3f-19cc-af346d18fde7,1994-12-13,native,nonhispanic,M,0,18
738a5bc6-78c7-2b05-d185-9741920b0497,1961-06-08,white,nonhispanic,M,0,1
d1fe5a74-fd5a-4651-4b55-2985bc8288ea,2016-01-03,white,nonhispanic,F,0,5
0de86523-65de-9c63-49d8-6ef9b0f62915,2012-04-20,white,hispanic,M,0,2
5d3c03b8-74cd-941f-3df6-00c45864f1c2,2014-06-05,white,nonhispanic,M,1,0
659eac70-eee6-e516-e203-51ad92734512,2012-03-04,white,nonhispanic,F,0,4
22e3e441-2684-2856-3ac7-664150d509b0,2014-10-25,black,nonhispanic,M,0,3
61c56ab4-d429-19d3-6eb8-be4021a8f96f,2001-06-20,white,nonhispanic,M,0,13
493c4936-2813-7b3c-55b0-39b01fee5d22,2006-09-24,white,nonhispanic,M,0,10
c8d9f38a-fe45-0b77-3814-6e01a9c59702,2017-06-04,white,nonhispanic,F,0,1
e8ee0f85-558b-0c10-9ef8-c7a498983aed,2000-03-24,white,nonhispanic,M,0,18
1cee6029-ca41-7786-fc4f-04aea9778336,2018-07-09,white,nonhispanic,M,0,0
af0d6b3e-9631-827d-6651-7565821260e2,2012-01-08,black,nonhispanic,M,0,4
98342e81-23da-dae8-5506-8da094c7d29e,2000-11-04,white,nonhispanic,F,0,21
719a83df-640b-4306-64fb-f212110fcbb4,2011-07-04,white,nonhispanic,F,0,2
e4bf70f7-a7b6-1e10-70d2-e80980fd0499,2005-05-12,white,nonhispanic,F,0,10
f6dea2c4-1620-05f5-bca3-429de52f9ebe,2016-07-13,white,nonhispanic,F,0,2
009c30e1-5fa4-f50c-dfa5-bf3092116bbb,2001-07-04,white,nonhispanic,F,0,18
a12fc6b4-938f-9199-2af7-f478c30c1eac,2020-08-31,white,nonhispanic,F,0,0
a259d333-6bb2-30f5-ecb9-d5ff168905b0,1999-02-26,white,nonhispanic,M,0,21
2dfb6d26-2f71-ecc5-6b9d-ea20dc1ae490,2001-07-10,white,nonhispanic,F,0,12
e90e1bfc-18af-2b1b-e4a2-c4fc60d8e18a,2002-08-25,white,nonhispanic,M,1,3
2ca78a43-6d05-52e7-d149-607acb760c03,2002-08-10,white,nonhispanic,M,0,16
114f35cc-db2d-65d7-678b-18495e4e6473,2014-01-15,white,nonhispanic,M,0,2
3075db0f-918e-3d24-0782-5b359d23e357,1929-04-11,white,hispanic,M,1,12
cfe7cd0f-57de-4f43-d870-221bba80520b,1994-06-29,black,nonhispanic,F,0,19
94933579-3900-8b7d-8c05-e473910e791a,1998-04-11,white,nonhispanic,F,0,19
1e92bf63-416b-c43a-fab1-7b25599ac247,2011-03-14,white,hispanic,F,0,4
3fe4eb84-cd88-aa94-fa92-e8b6c0858d94,2001-12-14,white,nonhispanic,F,1,2
59541c40-a53e-37c0-9703-d88038b6eced,1929-04-11,white,hispanic,M,1,3
8a9517bb-bd45-da96-f962-668c905ceecb,1936-10-14,white,hispanic,M,1,7
c9176ee2-d94c-6930-d132-0120cf1eff92,1989-01-16,white,hispanic,M,1,5
6ada49d6-cce2-faea-781d-5f4c282c49b4,1987-11-10,white,nonhispanic,M,1,9
0b7f4569-6127-edae-6b43-3ba8469a21dc,2017-11-17,white,nonhispanic,M,0,3
7bbcd20f-8d90-2c04-06be-e7918684239f,1977-03-22,white,nonhispanic,M,0,3
ae5f15a1-427f-ed8c-f258-f25cfb0fd85a,2014-04-30,white,nonhispanic,M,0,0
ccecb758-0a9b-9670-23e6-9e405f69a690,1974-06-02,black,nonhispanic,M,1,12
fa2fe2d8-24df-4eea-bc57-1e7515f66bce,2000-11-03,white,nonhispanic,M,0,14
7cc73fa5-9d65-b03d-e139-4e348017b92f,2008-03-05,white,nonhispanic,F,0,10
28897c2e-5835-3ae8-ea95-28045fa48efb,2014-02-18,native,nonhispanic,M,0,0
0bf53c97-99af-af4a-9c2a-e80366de43ee,2015-01-03,white,hispanic,M,0,2
a08eb05d-46f4-c6cf-feeb-b0ac56f61458,1995-07-01,black,nonhispanic,F,0,20
fbb23e67-a3a6-1662-ab90-e9f717c61a97,2012-02-12,white,nonhispanic,M,0,9
840526e5-34c6-8620-f27e-f7639bf1c09f,2017-10-05,white,nonhispanic,M,0,4
bee38fdb-f140-2c23-fe2e-50e0adc00c7b,2004-08-03,white,nonhispanic,M,0,12
4b115fe6-e241-6571-e959-e9340b298d75,1940-05-10,white,nonhispanic,M,0,21
2ed7e75f-8417-5b86-a182-63623adffacd,2006-07-29,white,nonhispanic,M,0,7
4d85bedc-5949-08c7-ed4b-6a46a6f34b91,1987-09-08,white,nonhispanic,F,1,2
9d8eda02-9d9e-6f08-f840-bf52e8722946,1994-08-02,white,nonhispanic,F,0,21
2dc56646-2a96-6181-cbe4-58047d1bdb28,1991-10-17,white,nonhispanic,F,1,1
721e493e-23b3-af08-8571-54b20617f159,2007-05-05,white,nonhispanic,M,0,14
17a9abd9-10dc-e261-54b7-5c441f9cb756,1983-03-10,white,nonhispanic,F,1,2
28911653-c9ef-e5a8-61a5-668dbb48f58f,2017-10-24,white,nonhispanic,M,0,3
5d5eed01-1a47-59f4-7e77-3068a53304b4,2010-01-25,white,nonhispanic,F,0,9
6884a50b-2060-67ff-0863-51569e687cc2,2015-09-01,white,nonhispanic,M,0,5
05313452-3962-82d9-60a2-cd79e464cc80,2017-11-22,black,nonhispanic,M,0,2
dd902384-4955-83d4-4b52-7909f0f91e51,1992-07-11,white,hispanic,M,1,13
99bfcaff-0b03-90da-dad5-b23fcc28fb61,2008-07-11,white,nonhispanic,F,0,4
646a689d-c588-9a91-70b6-1e0d0d44c9a1,2014-03-14,white,nonhispanic,F,0,4
9eb99407-b81e-2594-0da2-870e1d88d18c,2015-08-17,white,nonhispanic,M,0,4
149959d0-ce7a-5087-0b14-e5ee87737e05,2015-04-19,white,nonhispanic,F,0,2
11c85df9-4085-afce-75ba-3e62f0c77609,2013-07-26,black,nonhispanic,M,0,3
c9e0aadd-a5b9-e1d2-eb34-2d9bdb872a73,1957-02-22,white,nonhispanic,F,1,3
3fa732a0-cdca-c427-6c38-2afa3f4b2369,2014-10-02,white,nonhispanic,F,0,3
11d7ecb8-1e4b-ff44-ff40-80755767512c,2006-10-08,white,nonhispanic,M,0,7
764b6ef0-42d0-0f7a-5af1-0f455acc008e,2010-01-02,black,nonhispanic,F,0,4
63f9799b-e770-b92d-d74e-d57609cd775e,2007-02-08,black,nonhispanic,F,0,15
0b9466c2-6526-1ccc-9a62-c9cb2390489d,2015-08-30,white,nonhispanic,F,0,3
ac3634cb-cfcd-6cf8-26c2-3e6436a0504a,2006-01-07,white,hispanic,M,1,1
7c2d7821-5781-20ff-1b7d-9c0b48d02151,2006-01-07,white,hispanic,M,0,10
e7e52291-59e3-52f1-310c-a232fd7be114,1999-02-25,white,nonhispanic,F,0,19
0ecf6b43-7c73-0458-ab56-19de89acf41e,1997-11-26,white,nonhispanic,F,0,16
49bd843b-b75e-ac60-a452-605e324c9df2,2011-04-02,white,nonhispanic,F,0,3
eabfa666-29b5-64f3-105a-e8ea7653ae70,1956-01-04,white,hispanic,F,1,13
8b35b4c6-aa09-d002-619b-ac63d58d4603,1996-08-11,white,hispanic,F,0,21
b54ad3df-4750-0941-f1ae-8b7236f8f6dc,2002-04-20,white,nonhispanic,M,0,14
ee42b995-8fc5-d8bf-5c09-205408bb76fd,2011-11-17,hawaiian,nonhispanic,M,0,4
f0f510b2-9888-120a-a693-bcaca0f937cd,2014-10-08,white,nonhispanic,F,0,5
862c4dc4-c5eb-1667-47ef-21791d3c5a3c,2018-04-22,white,nonhispanic,F,0,2
3e2371ed-a630-0958-84b2-c136090b8a75,2017-11-18,asian,nonhispanic,F,0,2
adf63106-46a4-e19c-349a-f0a3eec09e33,1959-12-22,white,nonhispanic,F,1,0
4b8877ac-d142-dbf4-f1e0-06c638ab66c9,2018-10-06,white,nonhispanic,M,0,1
84483a05-0e7c-cc01-7ef7-83e93da36d92,2012-06-28,asian,nonhispanic,F,0,2
8288abe0-04e8-ee34-c028-535da273c3dd,1998-04-24,white,nonhispanic,F,0,21
26088591-b65b-938c-8ce0-edb6cf52ab7c,2003-03-17,white,nonhispanic,F,0,15
331b91fb-bca6-ab76-2671-1bf22def011e,1954-10-21,white,nonhispanic,M,1,0
0f652e34-7595-a919-5856-50e0d6258699,2014-04-07,white,nonhispanic,F,0,5
dd5328d0-4c53-d310-8411-2d3a7fa5ed58,2007-09-12,white,nonhispanic,M,0,6
f05e62cc-d39b-c0a4-4cda-7af990fafd7f,2000-09-04,black,nonhispanic,F,0,18
fcacc452-c0ff-6fbe-c8b7-4b77e3807232,2003-08-20,white,nonhispanic,M,0,12
80b894a4-6440-0c84-5a96-807c73e1cb4d,2001-04-29,white,nonhispanic,M,0,13
810044da-b075-dd80-c4ba-f933f31d9403,1972-08-06,white,nonhispanic,M,1,3
cff1efd9-43ea-20e9-5ac1-7e7ad231148b,2013-01-31,white,hispanic,M,0,2
edaa094b-f3b2-fd6c-a2a8-cdc90f712882,2020-07-09,white,nonhispanic,F,0,1
eb3f650d-b6f4-583b-88d5-62171ec857d1,2010-12-07,white,nonhispanic,F,0,9
9ec806b0-2d6d-5182-ccf0-a4c2eeaac153,2019-04-20,white,nonhispanic,M,0,2
a0a39700-f3b2-a365-b6e2-4f41cd34a706,2000-07-17,white,nonhispanic,M,0,14
9f6157ab-37f1-c912-bc1a-11b97113e8ba,2000-04-17,white,nonhispanic,F,0,17
70a574b3-eddf-abcb-9a64-1e6e27d13f02,2016-01-08,white,hispanic,F,0,3
7796fd57-7cb0-c895-5b1a-24dd98001bf0,1997-11-20,white,nonhispanic,F,0,15
03ecc624-4fba-ad89-6a8c-5f197dd1a9fc,1994-07-05,white,nonhispanic,F,0,18
8cb98c08-63e2-9e85-41ca-629241316b09,2004-04-02,other,nonhispanic,F,0,12
2b7f1733-b575-269e-39d0-a96df81c410d,1994-10-31,asian,nonhispanic,M,0,18
65f05f7c-2de0-d736-fb91-2876c2ef2014,2010-10-11,white,nonhispanic,F,0,8
49714bc2-76cf-9eb4-457c-f36d710ad603,2016-08-06,white,nonhispanic,F,0,4
ad1d7304-5425-7263-fc59-62cfc78051e1,1995-04-18,white,nonhispanic,F,1,2
689e11ec-675a-8dd6-ccfa-f8e52182ad80,2002-03-09,white,hispanic,M,1,17
4d74c4cd-8a68-6fc0-4f75-15317fd67a01,2004-07-22,white,nonhispanic,M,0,11
641e6b8a-54f1-66e7-44d4-79ecd29127d9,2006-05-04,white,nonhispanic,M,0,6
14926a7c-3a05-375c-fa96-88bb922504ee,2005-08-31,white,nonhispanic,M,0,8
74e0e505-9e75-787c-5b31-94c88c9dbd41,2007-10-23,white,nonhispanic,F,0,8
e56f117c-fa07-9c70-8c90-6114807c4e41,1956-04-19,white,nonhispanic,F,1,3
b4aa64cc-948b-e193-1626-754cf0ab7944,2009-06-16,white,nonhispanic,F,0,10
6c4ae233-d267-e416-50d5-ab48a6842ba8,2006-02-16,asian,nonhispanic,M,0,10
c022272d-ecd2-92b6-32f4-3769ef3514f9,2003-02-18,asian,nonhispanic,F,0,10
7d87bdff-2df1-8162-80e4-2e406304515d,2011-06-17,white,nonhispanic,M,0,2
d5c0cc48-5f8a-4533-325c-25a9c3284185,2017-10-05,other,nonhispanic,F,0,3
a4cabcbc-8282-5599-6b69-01e28e69c045,2004-09-24,black,nonhispanic,M,0,16
eca28495-500f-ab7e-356b-176f31382569,2017-03-03,white,nonhispanic,F,0,3
c815ffa4-2917-2c09-1569-e90d5a89eeb2,1933-05-23,white,nonhispanic,M,1,15
